hold_id,user_id,library_book_id,hold_date,expiry_date,hold_status
1,85,57,2024-06-18,2024-06-25,Expired
2,13,72,2024-04-09,2024-04-16,Expired
3,4,27,2023-10-26,2023-11-02,Expired
4,83,35,2024-03-07,2024-03-14,Expired
5,16,36,2023-12-03,2023-12-10,Expired
6,66,85,2024-03-07,2024-03-14,Expired
7,75,98,2023-11-19,2023-11-26,Expired
8,22,99,2024-07-02,2024-07-09,Active
9,70,65,2024-06-11,2024-06-18,Expired
10,11,2,2023-08-12,2023-08-19,Expired
11,24,95,2024-05-20,2024-05-27,Expired
12,96,85,2024-06-20,2024-06-27,Expired
13,94,47,2023-09-05,2023-09-12,Expired
14,7,8,2024-01-15,2024-01-22,Expired
15,16,56,2024-06-27,2024-07-04,Expired
16,80,43,2024-05-24,2024-05-31,Expired
17,23,36,2023-07-16,2023-07-23,Expired
18,64,95,2023-08-19,2023-08-26,Expired
19,18,40,2023-08-23,2023-08-30,Expired
20,88,39,2023-10-17,2023-10-24,Expired
21,25,97,2024-01-20,2024-01-27,Expired
22,49,44,2024-04-01,2024-04-08,Expired
23,98,52,2024-05-23,2024-05-30,Expired
24,80,40,2024-05-30,2024-06-06,Expired
25,15,95,2024-01-29,2024-02-05,Expired
26,94,32,2024-02-15,2024-02-22,Expired
27,33,28,2023-09-03,2023-09-10,Expired
28,61,5,2023-09-18,2023-09-25,Expired
29,36,18,2024-04-01,2024-04-08,Expired
30,81,73,2023-10-25,2023-11-01,Expired
31,86,50,2024-06-17,2024-06-24,Expired
32,96,54,2024-04-22,2024-04-29,Expired
33,20,45,2023-11-10,2023-11-17,Expired
35,52,77,2024-07-03,2024-07-10,Active
36,66,73,2024-06-21,2024-06-28,Expired
37,29,91,2023-10-16,2023-10-23,Expired
38,75,25,2024-06-03,2024-06-10,Expired
39,92,80,2023-09-26,2023-10-03,Expired
40,48,20,2024-01-21,2024-01-28,Expired
41,65,64,2024-01-30,2024-02-06,Expired
42,2,30,2024-03-31,2024-04-07,Expired
43,50,22,2024-06-11,2024-06-18,Expired
44,32,91,2023-09-08,2023-09-15,Expired
45,82,32,2024-05-17,2024-05-24,Expired
47,93,95,2023-09-14,2023-09-21,Expired
48,86,17,2023-11-30,2023-12-07,Expired
49,10,98,2024-06-14,2024-06-21,Expired
50,18,87,2023-08-11,2023-08-18,Expired
51,47,7,2024-05-13,2024-05-20,Expired
52,15,15,2023-11-20,2023-11-27,Expired
53,29,36,2024-06-30,2024-07-07,Active
54,31,69,2023-10-09,2023-10-16,Expired
55,35,3,2024-04-10,2024-04-17,Expired
56,72,93,2024-01-23,2024-01-30,Expired
57,35,53,2023-11-16,2023-11-23,Expired
58,90,65,2023-08-27,2023-09-03,Expired
59,100,16,2024-05-10,2024-05-17,Expired
60,79,100,2023-10-27,2023-11-03,Expired
62,13,75,2024-01-30,2024-02-06,Expired
63,55,65,2023-08-21,2023-08-28,Expired
64,19,14,2024-05-26,2024-06-02,Expired
65,54,41,2023-11-29,2023-12-06,Expired
66,85,38,2024-02-29,2024-03-07,Expired
67,39,52,2023-10-19,2023-10-26,Expired
68,54,1,2024-04-25,2024-05-02,Expired
69,89,5,2023-07-16,2023-07-23,Expired
70,31,80,2024-06-17,2024-06-24,Expired
71,70,22,2023-08-01,2023-08-08,Expired
72,55,58,2024-04-21,2024-04-28,Expired
73,41,97,2024-04-18,2024-04-25,Expired
74,67,89,2024-04-19,2024-04-26,Expired
75,40,71,2023-08-01,2023-08-08,Expired
76,23,51,2023-10-07,2023-10-14,Expired
78,100,87,2024-06-26,2024-07-03,Expired
80,83,83,2023-11-08,2023-11-15,Expired
82,74,29,2024-06-30,2024-07-07,Active
83,20,18,2024-06-29,2024-07-06,Active
84,68,74,2023-08-23,2023-08-30,Expired
85,25,81,2024-05-24,2024-05-31,Expired
86,27,99,2024-03-01,2024-03-08,Expired
87,41,56,2023-09-21,2023-09-28,Expired
88,19,55,2024-06-30,2024-07-07,Active
89,82,35,2024-02-13,2024-02-20,Expired
90,40,38,2023-09-15,2023-09-22,Expired
91,3,30,2023-10-08,2023-10-15,Expired
92,92,100,2023-10-04,2023-10-11,Expired
93,27,3,2024-06-22,2024-06-29,Expired
95,38,98,2024-04-02,2024-04-09,Expired
96,45,58,2024-06-05,2024-06-12,Expired
97,97,22,2024-05-29,2024-06-05,Expired
98,22,83,2023-11-29,2023-12-06,Expired
100,67,35,2023-11-26,2023-12-03,Expired
101,97,21,2024-02-12,2024-02-19,Expired
102,93,98,2023-10-24,2023-10-31,Expired
105,50,98,2024-06-06,2024-06-13,Expired
106,65,82,2024-06-13,2024-06-20,Expired
107,74,7,2024-04-27,2024-05-04,Expired
108,44,89,2024-05-07,2024-05-14,Expired
109,37,63,2023-09-09,2023-09-16,Expired
110,9,5,2024-01-19,2024-01-26,Expired
111,14,77,2023-07-12,2023-07-19,Expired
113,3,8,2024-03-07,2024-03-14,Expired
114,4,1,2023-08-23,2023-08-30,Expired
115,90,63,2024-03-14,2024-03-21,Expired
117,44,60,2023-07-22,2023-07-29,Expired
118,38,13,2023-07-25,2023-08-01,Expired
122,77,99,2024-05-24,2024-05-31,Expired
123,24,31,2024-05-29,2024-06-05,Expired
126,2,84,2024-05-22,2024-05-29,Expired
129,34,87,2024-02-12,2024-02-19,Expired
131,88,81,2024-03-05,2024-03-12,Expired
133,69,5,2023-10-28,2023-11-04,Expired
134,10,35,2024-03-27,2024-04-03,Expired
137,57,45,2024-03-01,2024-03-08,Expired
138,89,7,2024-04-09,2024-04-16,Expired
139,52,42,2023-09-01,2023-09-08,Expired
140,56,98,2024-02-22,2024-02-29,Expired
143,32,42,2024-05-15,2024-05-22,Expired
146,1,81,2024-04-07,2024-04-14,Expired
151,58,37,2023-12-21,2023-12-28,Expired
152,34,53,2024-02-02,2024-02-09,Expired
154,68,79,2024-04-25,2024-05-02,Expired
155,14,87,2023-12-11,2023-12-18,Expired
158,1,26,2024-01-18,2024-01-25,Expired
159,95,37,2023-11-13,2023-11-20,Expired
161,21,48,2023-09-16,2023-09-23,Expired
162,87,78,2024-03-05,2024-03-12,Expired
166,36,84,2023-08-22,2023-08-29,Expired
167,72,66,2023-08-19,2023-08-26,Expired
169,84,92,2023-07-27,2023-08-03,Expired
170,21,18,2024-05-03,2024-05-10,Expired
174,6,45,2023-11-29,2023-12-06,Expired
177,61,27,2024-05-22,2024-05-29,Expired
178,45,5,2023-09-28,2023-10-05,Expired
182,98,13,2023-09-03,2023-09-10,Expired
185,43,89,2024-01-31,2024-02-07,Expired
188,7,47,2024-03-02,2024-03-09,Expired
190,8,92,2024-06-11,2024-06-18,Expired
191,51,6,2024-04-03,2024-04-10,Expired
192,37,65,2024-06-22,2024-06-29,Expired
196,62,20,2024-04-10,2024-04-17,Expired
197,71,43,2023-10-23,2023-10-30,Expired
199,48,4,2023-07-10,2023-07-17,Expired
